State,name,lat,long,test,link
TX,Brenham Drop Box,30.17933,-96.38708,Mandatory,https://maps.app.goo.gl/s6UmJiU3QHS1SYkx5
TX,Brooks County Drop Box,27.22744,-98.15225,Mandatory,https://maps.app.goo.gl/Y2bDCDzBuSNKTBaM8
TX,Chaparral WMA Check Station,30.03681,-99.14045,Voluntary,https://maps.app.goo.gl/yRa8Uccumw62zc5W9
TX,Coolidge Check Station,31.75661,-96.65013,Mandatory,https://maps.app.goo.gl/S1FX6ASWY4mFAZUY6
TX,Dalhart Check Station,36.03865,-102.50531,Mandatory,https://maps.app.goo.gl/oEvGodv5fig1vcKg8
TX,Daughtrey WMA Check Station,30.01574,-99.12667,Voluntary,https://maps.app.goo.gl/yRa8Uccumw62zc5W9
TX,Del Rio Drop Box,29.43187,-100.90898,Mandatory,https://maps.app.goo.gl/tU4LdfYoSkL7sqkL7
TX,Doss Drop Box,30.44347,-99.13059,Mandatory,https://maps.app.goo.gl/TghALwJ66jK5fXTP8
TX,East US 62/180 Staffed Check Station,31.96039,-104.68033,Mandatory,https://maps.app.goo.gl/fZSHhpMQvWFVxjQG7
TX,George Grove Drop Box,28.31439,-98.11422,Mandatory,https://maps.app.goo.gl/t5UKkYdmSFXvJztaA
TX,Gus Engeling WMA Check Station,34.23046,-99.43046,Voluntary,https://maps.app.goo.gl/6a5qSGgVTNYcuEiQ8
TX,Hallettsville Check Station,29.44385,-96.94109,Voluntary,https://maps.app.goo.gl/G5X6mMJbPU9qEi5B7
TX,Harper Drop Box ,30.30186,-99.24844,Mandatory,https://maps.app.goo.gl/S3PNvhFN67kAbr9C9
TX,Hondo Drop Box,29.34677,-99.14806,Mandatory,https://maps.app.goo.gl/KADNw6j2Rji2WVey8
TX,Hueco Mountains Staffed Check Station,31.83934,-105.96949,Mandatory,https://maps.app.goo.gl/4KWuohKHZr4NGpSJ7
TX,Kerr WMA Check Station,30.07722,-99.34365,Voluntary,https://maps.app.goo.gl/1aSCBUPCsqq1fKdAA
TX,La Grange Check Station,29.90571,-96.8766,Voluntary,https://maps.app.goo.gl/1NN456iGkvieE95H9
TX,Las Palomas WMA Check Station,26.1676,-98.01085,Voluntary,https://maps.app.goo.gl/95rNdeGvH4TLJyaW8
TX,Lytle Drop Box,29.1881,-98.79656,Mandatory,https://maps.app.goo.gl/bYAC1NpKqUcfWT869
TX,Mason Mountain WMA Check Station,30.81646,-99.22684,Voluntary,https://maps.app.goo.gl/S9FS2U5F6jE2aXsS7
TX,Matador WMA Check Station,34.11771,-100.34495,Voluntary,https://maps.app.goo.gl/tn5ytkQX3Ga56afa7
TX,Muse WMA Check Station,31.90298,-98.83504,Voluntary,https://maps.app.goo.gl/BJiteJFLqphWi94R6
TX,Orange Grove Drop Box,28.02611,-98.22539,Mandatory,https://maps.app.goo.gl/bkUxNWqzZbWvpPfc6
TX,Pearsall Drop Box,28.87838,-99.11609,Mandatory,https://maps.app.goo.gl/VqjYXwFAaofDiEf3A
TX,Quilan Staffed Check Station,32.90911,-96.19536,Mandatory,https://maps.app.goo.gl/JrgC8pHim5dsDbDE8
TX,Rockspring Check Station,30.01576,-100.20536,Voluntary,https://maps.app.goo.gl/2KpndNWzMpbbw9ep9
TX,Roger R. Fawcett WMA Check Station,32.6139,-98.30829,Voluntary,https://maps.app.goo.gl/RBn9tyyXppG6WXECA
TX,Segovia Drop Box,30.41893,-99.6697,Mandatory,https://maps.app.goo.gl/EEs6VtQf1QEizwZ76
TX,Sonora Drop Box,30.57664,-100.57739,Mandatory,https://maps.app.goo.gl/BuNFY8yDHTUkbViq8
TX,South Llano River State Park Drop Box,30.4483,-99.81793,Mandatory,https://maps.app.goo.gl/FfJfJJ4pxjz2L7DE6
TX,Star Drop Box ,31.46497,-98.31726,Mandatory,https://maps.app.goo.gl/jq7Mgg1d4Md41SFu7
TX,Tarpley Check Station,29.65771,-99.27943,Mandatory,https://maps.app.goo.gl/EijN5aVuKpEjDWZC6
TX,Terrel Drop Box,32.7552,-96.2658,Mandatory,https://maps.app.goo.gl/B5JWkxg6sJVJAWmU7
TX,Tyler Check Station,32.30859,-95.21359,Voluntary,https://maps.app.goo.gl/9FGTg8gAsKm9aW8G8
TX,Uvalde Drop Box,29.23584,-99.74979,Mandatory,https://maps.app.goo.gl/ry9nZVK6UVrSwjAe7
TX,Van Horn Staffed Check Station,31.03744,-104.85283,Mandatory,https://maps.app.goo.gl/JpGRmf2VkFAtKrng6
TX,Vega Check Station,35.24345,-102.43404,Mandatory,https://maps.app.goo.gl/ecTcra2MQp2YSm6b9
TX,Waelder Drop Box,29.69298,-97.2953,Mandatory,https://maps.app.goo.gl/2YEEWRVcD7Xob3hb9
AL,Dees's Local Express,34.75854,-87.99279,Mandatory,https://maps.app.goo.gl/w4G9wFMNfKDwtJGi9
AL,Cherokee Volunteer Fire Department Station 2,34.76464,-87.96248,Mandatory,https://maps.app.goo.gl/P7TpkcaxozSbkke77
AL,Ford City Ace Hardware,34.78521,-87.5295,Mandatory,https://maps.app.goo.gl/Hpm6BLciUCVuSLne8
AL,Perkin's Outdoors,34.79159,-87.67497,Mandatory,https://maps.app.goo.gl/3PxAajUEtcEoKemS8
AL,Cypress Creek Indoor Range,34.87485,-87.70008,Mandatory,https://maps.app.goo.gl/mddr8uvgSdxi7B8k7
AL,247 Chevron (used to be Yogi's Texaco),34.7219,-87.8126,Mandatory,https://maps.app.goo.gl/LsDVkLPcGfrRCGUX6
AL,Colbert Farmers Co-op,34.71195,-87.71965,Mandatory,https://maps.app.goo.gl/MF8ZKd9nTgUuz6XA8
AL,Florence Frozen Meats,34.7901,-87.6694,Mandatory,https://maps.app.goo.gl/bEkJEYbyz18w2dY47
AL,North Alabama Deer Shack,34.85217,-87.39156,Mandatory,https://maps.app.goo.gl/3DB5KLcGJtHo2qbM9
AL,Spring Valley Market,34.65643,-87.61617,Voluntary,https://maps.app.goo.gl/KmtHj56Dhepib57r7
AL,Cabbage Ridge Deer Processing,34.91953,-87.08056,Voluntary,https://maps.app.goo.gl/WR3szPbNQYBYwSz1A
AL,Fancher's Taxidermy,34.4341,-88.1126,Voluntary,https://maps.app.goo.gl/CDsbiVQu968P98fp7
AL,District I WFF Office,34.6588,-86.9676,Voluntary,https://maps.app.goo.gl/9UwZVutBv4TJEB3f7
AL,Liberty Hill Deer Processing,34.3487,-87.76486,Voluntary,https://maps.app.goo.gl/NjF2TSmDVMEY2ZkP9
AL,Hackleburg Hardware,34.2701,-87.8101,Voluntary,https://maps.app.goo.gl/BLfmQb5KCWxARh1y5
AL,USFS - Bankhead Ranger District Office,34.1715,-87.4009,Voluntary,https://maps.app.goo.gl/khufXacb2c94o4VB7
AL,Weavers Meat Processing,34.37027,-86.99666,Voluntary,https://maps.app.goo.gl/yPPn3CXnBHCtz4sX7
AL,Van's Sporting Goods,34.1242,-86.888,Voluntary,https://maps.app.goo.gl/B2UbHUMd4WdCNRfS7
AL,Redstone Arsenal - Outdoor Recreation,34.64997,-86.62491,Voluntary,https://maps.app.goo.gl/GjHKpqEw8ymvgKfG7
AL,Jenkins Deer Processing,34.76147,-86.3799,Voluntary,https://maps.app.goo.gl/853p2rAQAAqZ41AT8
AL,JDM-Skyline WMA Check Station,34.86509,-86.10105,Voluntary,https://maps.app.goo.gl/DyJyuzr7DVBMv6mPA
AL,Little River WMA Check Station,34.39172,-85.60963,Voluntary,https://maps.app.goo.gl/MoSv2Q9eiq7XMY827
AL,Boldo Deer Processing,33.8645,-87.166,Voluntary,https://maps.app.goo.gl/xoYShsyUUrTMXZ3j7
AL,District II WFF Office,33.86714,-85.7372,Voluntary,https://maps.app.goo.gl/xSjHgsLYBVFo1JUL8
AL,Fayette County ACES Office,33.7303,-87.8048,Voluntary,https://maps.app.goo.gl/Ae6shyRsSemtvDA46
AL,Choccolocco WMA Check Station,33.7144,-85.6726,Voluntary,https://maps.app.goo.gl/7j3NASh8nkYAdoFq8
AL,Buddy's Sports Country,33.52578,-85.63849,Voluntary,https://maps.app.goo.gl/yhQArWFRF6nQVtu67
AL,West Alabama Ag Company,33.27561,-88.09399,Voluntary,https://maps.app.goo.gl/NRjLh3V5zoKkZ197A
AL,District III WFF Office,33.23388,-87.63783,Voluntary,https://maps.app.goo.gl/XitcGvu8LjGB28Ub7
AL,Deerman's Horns and Hooves,33.17197,-87.29034,Voluntary,https://maps.app.goo.gl/9nX27Bwfxpc3GtqJA
AL,William R. Ireland- Cahaba River WMA,33.16323,-86.9549,Voluntary,https://maps.app.goo.gl/NodC3kX4xp6vC9cp6
AL,Shelby County Extension Office,33.17813,-86.63319,Voluntary,https://maps.app.goo.gl/mYvHJK3kcmG5qWBX6
AL,Cabaniss Feed and Farm Supply,33.15938,-86.2724,Voluntary,https://maps.app.goo.gl/Hu9JXw29WsviPDWBA
AL,Hollins WMA Checkstation,33.1157,-86.1468,Voluntary,https://maps.app.goo.gl/4EVeuJvDa2Cu3fv7A
AL,East Alabama Deer Processing,33.16816,-85.37133,Voluntary,https://maps.app.goo.gl/J8gEotrNcpWGdiUp8
AL,Oakmulgee WMA Check Station,32.95645,-87.45954,Voluntary,https://maps.app.goo.gl/NV5nmqB3NCSB8zG77
AL,Talladega NF - Oakmulgee District Ranger Offic,32.95274,-87.17419,Voluntary,https://maps.app.goo.gl/HsBRr8nLLqoVs8Gi6
AL,Marion Fish Hatchery,32.69211,-87.25995,Voluntary,https://maps.app.goo.gl/ewWc8HsPeB24U6e57
AL,USDA Service Center,32.6443,-85.3726,Voluntary,https://maps.app.goo.gl/mfALTjWD4r3Hy1Y3A
AL,Demopolis WFF Office,32.50413,-87.82557,Voluntary,https://maps.app.goo.gl/SzbiC7JJ9uxjGFd38
AL,Central Alabama Farmers Cooperative,32.43293,-87.0605,Voluntary,https://maps.app.goo.gl/r1fagdV8p1v7CsYd8
AL,Ace Hardware,32.29373,-87.7951,Voluntary,https://maps.app.goo.gl/BiR5fsvL6YBq7AL68
AL,Lowndes WMA Check Station,32.21475,-86.44312,Voluntary,https://maps.app.goo.gl/GUEnNxzoMEe73wqH9
AL,Village Jewelry and Sports,32.09096,-88.2206,Voluntary,https://maps.app.goo.gl/kUKdQzA8AWqkGmpx6
AL,Barbour WMA,31.99552,-85.45937,Voluntary,https://maps.app.goo.gl/oJ6FLNMrxRmi4emb7
AL,G & D Outdoors,31.73676,-87.76549,Voluntary,https://maps.app.goo.gl/enk9jXKsGhqwN8zYA
AL,Rocko's,31.63715,-86.59986,Voluntary,https://maps.app.goo.gl/WLqNg2aSJg9twoha6
AL,River Legend Outfitters,31.10658,-88.23956,Voluntary,https://maps.app.goo.gl/dDGfGvfPg6MCfXfV6
AL,Brewton Feed & Seed,31.08209,-87.10825,Voluntary,https://maps.app.goo.gl/jeSK61QVb1BSAw4L7
AL,Geneva State Forest WMA Check Station,31.11748,-86.16452,Voluntary,https://maps.app.goo.gl/235ZrR8ZZoBSHSRm8
AL,District IV WFF Office,31.26844,-85.8161,Voluntary,https://maps.app.goo.gl/GErWdUD8ALY6aE1A9
AL,National Guard Armory,31.09803,-85.70682,Voluntary,https://maps.app.goo.gl/cJb3Ge5F94hJLTTa9
AL,Fadette Convenience Store,31.04491,-85.53748,Voluntary,https://maps.app.goo.gl/KkWrqGiPy9sMcPGM7
AL,Rehobeth True Value,31.09683,-85.4447,Voluntary,https://maps.app.goo.gl/e1M4qZoFyYCLmUeq6
AL,Cottonwood Hardware,31.05242,-85.30269,Voluntary,https://maps.app.goo.gl/guKWHVphPbn9yCsA8
AL,Ashford True Value,31.17303,-85.2277,Voluntary,https://maps.app.goo.gl/YwiZGp2vMmSPXpFEA
MI,Lincoln Field Office,44.68503,-83.40389,Voluntary,https://maps.app.goo.gl/4D7oyjSdVSRvB21E6
MI,Curran,44.72752,-83.80818,Voluntary,https://maps.app.goo.gl/5sPxDzbrCfu2u36d7
MI,Alpena Field Office,45.06093,-83.55777,Voluntary,https://maps.app.goo.gl/mLLgxA8MktxLnaVq7
MI,Posen,45.26036,-83.69859,Voluntary,https://maps.app.goo.gl/cLmwuwk19vDWjv7V6
MI,Bellaire Field Office,44.97576,-85.19798,Voluntary,https://maps.app.goo.gl/gcajPnrCRuvkEqKTA
MI,Standish Field Office,43.99716,-83.97223,Voluntary,https://maps.app.goo.gl/yadvSFmAq3vBwz7p7
MI,Platte River Fish Hatchery,44.66418,-85.93677,Voluntary,https://maps.app.goo.gl/uWaKAta7zSz5noC1A
MI,Young State Park,45.22929,-85.03384,Voluntary,https://maps.app.goo.gl/Qd9hgDB8KA4UyRgx9
MI,Indian River Field Office,45.39669,-84.62822,Voluntary,https://maps.app.goo.gl/uWwwBVRgpeHbgvsB6
MI,Cheboygan Field Office,45.6453,-84.47288,Voluntary,https://maps.app.goo.gl/KFK7nWbY2isRTZjJ6
MI,Rose Lake Field Office,42.79858,-84.49757,Voluntary,https://maps.app.goo.gl/yEShfCBgLp2HzakK6
MI,Grayling Field Office,44.7132,-84.70391,Voluntary,https://maps.app.goo.gl/kmHXTfMH9jayExUz7
MI,Norway Field Office,45.8572,-87.9176,Voluntary,https://maps.app.goo.gl/Rjw3hxnhQ9auv7kt6
MI,Eaton Conservation District,42.58355,-84.84123,Voluntary,https://maps.app.goo.gl/koiytSHc6yfCEW3G9
MI,Oden Fish Hatchery,45.42334,-84.83137,Voluntary,https://maps.app.goo.gl/xJX2GzYscZ1M4YfT7
MI,Petoskey State Park,45.35592,-84.91326,Voluntary,https://maps.app.goo.gl/ocHGu2qhDeG3MTm97
MI,Traverse City Customer Service Center,44.95031,-85.50502,Voluntary,https://maps.app.goo.gl/m53WJZM4pe21Z6Mm8
MI,Ithaca Dept of Public Works,43.29031,-84.61088,Voluntary,https://maps.app.goo.gl/9fQu5VBU4VuEPpbV6
MI,Jerome Country Market,42.05552,-84.47803,Voluntary,https://maps.app.goo.gl/LVC482c7oMRzEiCg8
MI,Lost Nation State Game Area Barn,41.84362,-84.49561,Voluntary,https://maps.app.goo.gl/2bRgbREMN7H8DBch9
MI,Lansing CSC,42.68102,-84.50822,Voluntary,https://maps.app.goo.gl/Gpz6mCyNzf2HUhB27
MI,Flat River Field Office,43.10977,-85.20851,Voluntary,https://maps.app.goo.gl/8KPcqZ4iEcK4Veqh7
MI,East Tawas State Harbor Dock,44.27803,-83.48912,Voluntary,https://maps.app.goo.gl/AaywXgQbYj1H6x8q7
MI,Morbark,43.52027,-84.90578,Voluntary,https://maps.app.goo.gl/tZ7BA2XPe7aJoHtT6
MI,Smith & Sons Meat Processing,43.6044,-84.74686,Voluntary,https://maps.app.goo.gl/fPEZPrPDX1jngA3R9
MI,Chip-A-Waters,43.59714,-84.78268,Voluntary,https://maps.app.goo.gl/WKw451ktkA6DZKfF7
MI,Waterloo Wildlife Office,42.32897,-84.20164,Voluntary,https://maps.app.goo.gl/PpGNdeK2LibSzEHMA
MI,Jerome Country Market,42.05552,-84.47803,Voluntary,https://maps.app.goo.gl/px3Jv18jmCRZnSGG8
MI,Kalkaska Field Office,44.72992,-85.18635,Voluntary,https://maps.app.goo.gl/6EqTB64Tt3pEjbsWA
MI,Lowell Twp. Hall,42.9119,-85.34947,Voluntary,https://maps.app.goo.gl/yyn3oEfCkTf1w7J47
MI,Baldwin Field Office,43.9438,-85.84598,Voluntary,https://maps.app.goo.gl/pxE9uvj4k1CmapxV6
MI,Gabe's Country Smoked Products,44.79185,-85.8546,Voluntary,https://maps.app.goo.gl/ekYMcykPnnUTpkWY9
MI,US Forest Service Office Cadillac/Manistee Ranger Station,44.22311,-85.94001,Voluntary,https://maps.app.goo.gl/xdo1p9mVThUntpxF9
MI,Sanford Field Office,43.66862,-84.37211,Voluntary,https://maps.app.goo.gl/241C8Z7eHHi7wNqT8
MI,Lake City,44.33557,-85.20963,Voluntary,https://maps.app.goo.gl/15AwLbVeu7wXqURL6
MI,Montcalm Twp. Hall,43.26226,-85.25592,Voluntary,https://maps.app.goo.gl/LbLrk9yf4yW4xDua9
MI,Atlanta Field Office,45.00936,-84.1461,Voluntary,https://maps.app.goo.gl/AHHzwPcXoKQPpmtE9
MI,Hillman,45.00863,-83.9725,Voluntary,https://maps.app.goo.gl/779yXHQTqYWGnhcz9
MI,Rifle River Recreation Area,44.42152,-84.01281,Voluntary,https://maps.app.goo.gl/573DEEqRfdvYddeJ8
MI,Tractor Supply Company,44.27468,-84.22374,Voluntary,https://maps.app.goo.gl/pCtFXgUdNvveYSdf7
MI,West Branch Field Office,44.32141,-84.22622,Voluntary,https://maps.app.goo.gl/UsHgQgSh4XsGho2b7
MI,Evart Field Office,43.90115,-85.24564,Voluntary,https://maps.app.goo.gl/eqUyte66TrYH8CTC6
MI,Mio Field Office,44.66393,-84.12805,Voluntary,https://maps.app.goo.gl/6PksJPBvckMdJ1J36
MI,Gaylord Customer Service Center,45.02847,-84.70907,Voluntary,https://maps.app.goo.gl/FtcB1MioUR39cJGUA
MI,Onaway,45.35788,-84.22617,Voluntary,https://maps.app.goo.gl/oThE1QnwBcQgkAwR6
MI,Rogers City,45.41849,-83.83116,Voluntary,https://maps.app.goo.gl/hf6qonbM9CYFRBEQ8
MI,Roscommon Customer Service Center,44.46263,-84.60145,Voluntary,https://maps.app.goo.gl/i2D5L6rnKNNaS8A2A
MI,Cadillac Customer Service Center,44.21529,-85.40582,Voluntary,https://maps.app.goo.gl/LiaYvMomSS9LD2AD7
LA,Baton Rouge,30.39873,-91.12846,Voluntary,https://maps.app.goo.gl/MXMCdXFEMpiDhwfN7
LA,Hammond,30.47211,-90.49693,Voluntary,https://maps.app.goo.gl/FUJSQyZjqidbgPxK8
LA,Lafayette,30.22113,-92.05394,Voluntary,https://maps.app.goo.gl/ytHMcYQHtiXwWgHz5
LA,Lake Charles,30.22686,-93.14783,Voluntary,https://maps.app.goo.gl/W8rbuWFTmEB2fr8J6
LA,Minden,32.57682,-93.16263,Voluntary,https://maps.app.goo.gl/M3FKCKVe28yR72W77
LA,Monroe,32.5889,-92.06224,Voluntary,https://maps.app.goo.gl/KTrZXoetgkmgGA1w6
LA,Pineville,31.34719,-92.43161,Voluntary,https://maps.app.goo.gl/47e4TAxBEA7zDpAw8
WV,Junior Fire Department,38.97822,-79.94973,Mandatory,https://maps.app.goo.gl/72rCsmBwGfsK5kUi7
WV,Longview One Stop,38.37163,-80.59752,Mandatory,https://maps.app.goo.gl/8wy9BbGkT26xxVTM6
WV,Nestorville Community Church,39.39602,-80.30012,Mandatory,https://maps.app.goo.gl/bVTLKunDqLQvmuFh8
WV,Mattchew's Bar and Grill,39.18071,-80.0544,Mandatory,https://maps.app.goo.gl/axrxPawYe8HagNcm8
WV,Barbour County Fairgrounds,39.0422,-80.32499,Mandatory,https://maps.app.goo.gl/Kj8bA3ShUhDCFLaz7
WV,Kenna Exxon,38.67221,-81.65389,Mandatory,https://maps.app.goo.gl/ZVE67GmzN1VbBqVT7
WV,C-Mart,38.82319,-81.70771,Mandatory,https://maps.app.goo.gl/wBGRmAzv8Bp9p14a7
WV,Turkey Fork Grocery,38.93337,-81.63157,Mandatory,https://maps.app.goo.gl/k5Z929pxNvLCYHJr7
WV,C-Mart II,38.8244,-81.52161,Mandatory,https://maps.app.goo.gl/9XyQeZMy7gukmzcm8
WV,Old and New Sports,38.95815,-81.76951,Mandatory,https://maps.app.goo.gl/Eeey3ma8HYxVBaAX8
WV,Sandhill Foodmart,38.87202,-82.11509,Mandatory,https://maps.app.goo.gl/eJmwtTWsySqVZZUf9
WV,New Haven Marathon,38.9861,-81.97038,Mandatory,https://maps.app.goo.gl/61yj5Q2K1mGRB5cL6
WV,"Leon General, LLC",38.66407,-81.94976,Mandatory,https://maps.app.goo.gl/mQ7LpPUuFtswcPCp9
WV,Jerrys Run Food Mart,38.65931,-82.16768,Mandatory,https://maps.app.goo.gl/QyRdqZXFSb9dDtbo9
WV,Deans Variety Mart,38.98205,-80.0854,Mandatory,https://maps.app.goo.gl/rHMwWELfRKmEx2hu7
WV,Tractor Supply Co.,38.80955,-79.90156,Mandatory,https://maps.app.goo.gl/b1rpW9byZH66aGNQ7
WV,WVDNR District 3 Office,39.03692,-80.33059,Mandatory,https://maps.app.goo.gl/p65Z7Zh9iGGRq8ys5
NY,DEC's Region 8,42.90361,-77.67433,Voluntary,https://maps.app.goo.gl/SgeYCfaiDAykadfQ6
NY,DEC's Region 9,42.63467,-78.53105,Voluntry,https://maps.app.goo.gl/3bf9gfVyFmY8wnWb6
WI,ABRAMS BP,44.7454,-88.04808,Voluntary,https://maps.app.goo.gl/5p2bhrHphxK4DNEfA
WI,ALL SEASON TAXIDERMY,44.0747,-89.2879,Voluntary,https://maps.app.goo.gl/CQ1GW7tTDEVkM46d8
WI,ANTIGO DNR SERVICE CENTER,45.16043,-89.13841,Voluntary,https://maps.app.goo.gl/xhcu23wPb45Bhw9y9
WI,BAIT BOX,46.69087,-92.02705,Voluntary,https://maps.app.goo.gl/QJM9yzvTf1Vqj8qn9
WI,BERNDT'S HIDE SERVICE,42.66678,-88.22855,Voluntary,https://maps.app.goo.gl/9yGRdzYNwzzuumyL9
WI,BREAKER TAXIDERMY,44.74081,-89.06317,Voluntary,https://maps.app.goo.gl/MwkoXGNhdGZzyfC77
WI,BROOKLYN TOWN HALL,43.84415,-88.96011,Voluntary,https://maps.app.goo.gl/t655XhBGKRPfdEfV6
WI,CUMBERLAND DNR SERVICE CENTER,45.5368,-92.02165,Voluntary,https://maps.app.goo.gl/5nRwF9NLY7RZJKLi8
WI,FRIENDSHIP RANGER STATION,44.02053,-88.53742,Voluntary,https://maps.app.goo.gl/ohhgC9AbgQXNXFmT8
WI,DNR SERVICE CENTER- GREEN BAY,44.53424,-88.07216,Voluntary,https://maps.app.goo.gl/VHN9xUMHzwYegQeA6
WI,NEW FRANKEN SPORTSMAN CLUB,44.50521,-87.82602,Voluntary,https://maps.app.goo.gl/nsHkrd4irNJYLgGT6
WI,GRANTSBURG DNR RANGER STATION,45.77289,-92.69053,Voluntary,https://maps.app.goo.gl/P2PUHpdzedDHENEu7
WI,HIGH CLIFF STATE PARK MAINTENANCE SHOP,44.16265,-88.2649,Voluntary,https://maps.app.goo.gl/5UjUVhcyytGSRJkf8
WI,DNR WILDLIFE MANAGEMENT OFFICE,43.4013,-89.4189,Voluntary,https://maps.app.goo.gl/YSMwK55WjihBWQ9x8
WI,STRUGEON BAY DNR SERVICE CENTER,44.82779,-87.38199,Voluntary,https://maps.app.goo.gl/ooMswNtUVEUgacne9
WI,BRULE DNR FIELD STATION,46.5763,-91.5539,Voluntary,https://maps.app.goo.gl/3hZyUWDkuRAmbbv9A
WI,EAU CLAIRE SERVICE CENTER,44.784,-91.4877,Voluntary,https://maps.app.goo.gl/dPkDePquNzzvkucj9
WI,KMSF-NU HEADQUARTERS AUBURN ROAD,43.6042,-88.2729,Voluntary,https://maps.app.goo.gl/8DSdwvFNAx6UWpG66
WI,ST. CLOUD BP,43.82349,-88.16652,Voluntary,https://maps.app.goo.gl/7hwNX6NZTszpZn7Y7
WI,MERCER RANGER STATION ,46.16676,-90.06983,Voluntary,https://maps.app.goo.gl/RMHrsU8iHahHv2MBA
WI,DNR LAKE MILLS OFFICE,43.06488,-88.91617,Voluntary,https://maps.app.goo.gl/WKXrqdk3pcz9MbSp9
WI,FROH'S TAXIDERMY,43.9885,-90.24944,Voluntary,https://maps.app.goo.gl/LvVZnFLsx6mHteQb6
WI,"TODD'S WILDLIFE TAXIDERMY, LLC",43.7934,-90.0641,Voluntary,https://maps.app.goo.gl/Q2owGSAxXwB12wFV9
WI,INTEGRITY MEATS,43.7516,-90.2889,Voluntary,https://maps.app.goo.gl/xCcFe4GY5Fw2RQhg8
WI,RICHARD BONG RECREATIONAL AREA,42.63796,-88.11839,Voluntary,https://maps.app.goo.gl/aif1E4ayMhmMHYwv7
WI,KENOSHA BOWMEN,42.5673,-87.99177,Voluntary,https://maps.app.goo.gl/gUUgrLLiXc6AFjSV9
WI,ANTIGO DNR SERVICE CENTER,45.16043,-89.13841,Voluntary,https://maps.app.goo.gl/qbxZbcn75YyK6QNH8
WI,MERRILL DNR RANGER STATION,45.17981,-89.65578,Voluntary,https://maps.app.goo.gl/kKNvPT7yB6RuP1KH9
WI,WAUSAU SERVICE CENTER,44.9654,-89.7066,Voluntary,https://maps.app.goo.gl/nZbvxWanBpDd3KiN9
WI,SUPERIOR TAXIDERMY,44.86516,-89.58204,Voluntary,https://maps.app.goo.gl/kZV7sSe8tfu3At2q6
WI,PESHTIGO SERVICE CENTER,45.05812,-87.72807,Voluntary,https://maps.app.goo.gl/o5tUDkMEkRSqS2fU8
WI,WAUSAUKEE RANGER STATION,45.3495,-87.9099,Voluntary,https://maps.app.goo.gl/Tx1xrsWpScxspjUQ8
WI,PEMBINE RANGER STATION,45.6074,-87.9704,Voluntary,https://maps.app.goo.gl/8RMtnU4iReCP9aTd7
WI,MEATSKI'S,45.1273,-88.1396,Voluntary,https://maps.app.goo.gl/MMt2toDP6WdQ2e6s7
WI,DNR GRAND RIVER SHED,43.6718,-89.1918,Voluntary,https://maps.app.goo.gl/HR4Pr3oLzGP3TLcc9
WI,MONTELLO RANGER STATION,43.79836,-89.3174,Voluntary,https://maps.app.goo.gl/rRXvocZUNZaHbrm78
WI,OCONTO FALLS RANGER STATION,44.8755,-88.1555,Voluntary,https://maps.app.goo.gl/mMwi5ia7VhU6wMnS9
WI,GILLETT SHELL LLC,44.94141,-88.32509,Voluntary,https://maps.app.goo.gl/KMmb43ENkbHpVuLR9
WI,MARTIN'S JUNCTION SHELL STATION,45.13159,-88.43353,Voluntary,https://maps.app.goo.gl/HeGzhVhLQRN7v9Z78
WI,HILLCREST MEAT PROCESSING,44.95704,-87.92625,Voluntary,https://maps.app.goo.gl/W2sQ2HvTN8bjNaCR7
WI,RHINELANDER SERVICE CENTER,45.63763,-89.41843,Voluntary,https://maps.app.goo.gl/vmXDStjjTUvp4hJ19
WI,WOODRUFF DNR SERVICE CENTER,45.9186,-89.6954,Voluntary,https://maps.app.goo.gl/Ryf2q4MaG58uZPjPA
WI,SPEEDWAY,44.73236,-92.47898,Voluntary,https://maps.app.goo.gl/APoR6GxPaz5KLeWk6
WI,POLK COUNTY LAND & WATER,45.45487,-92.46743,Voluntary,https://maps.app.goo.gl/JKnPcLwUtbRfrWWo8
WI,PORTAGE CO. TRANSFER FACILITY,44.4556,-89.49967,Voluntary,https://maps.app.goo.gl/jpj6tZvz8ViukSmr9
WI,PEOPLE'S MEAT MARKET,44.51646,-89.4457,Voluntary,https://maps.app.goo.gl/LKqT6va18CFJJ3Kx8
WI,VOLLMER'S ANIMAL ARTS TAXIDERMY,44.4366,-89.64742,Voluntary,https://maps.app.goo.gl/JUeCkw9eEYm77Eaz7
WI,PRENTICE DNR RANGER STATION,45.54398,-90.30108,Voluntary,https://maps.app.goo.gl/dcnMT1aocygvarFN9
WI,PARK FALLS DNR SERVICE CENTER/KIOSK,45.92597,-90.45152,Voluntary,https://maps.app.goo.gl/58pxihvugfaYmbfaA
WI,SHOOTERS SPORT CENTER,42.81541,-87.97921,Voluntary,https://maps.app.goo.gl/wS8PfsT5gjagoNwW6
WI,UNION GROVE SCHOOL,42.69569,-88.05183,Voluntary,https://maps.app.goo.gl/5fZZJEic93Kk8PDC8
WI,DNR JANESVILLE SERVICE CENTER,42.7221,-88.99425,Voluntary,https://maps.app.goo.gl/THsPuL57v2wS5Y4t6
WI,LADYSMITH DNR SERVICE CENTER,45.3716,-91.11058,Voluntary,https://maps.app.goo.gl/K8wXpsfWsTMWzMBYA
WI,WHITETAIL CROSSING CONVENIENCE STORE,43.46513,-89.77693,Voluntary,https://maps.app.goo.gl/WkW8MZAW4ZAnT4hx6
WI,DNR HAYWARD SERVICE CENTER,45.9552,-91.2783,Voluntary,https://maps.app.goo.gl/dPkDePquNzzvkucj9
WI,DNR WINTER RANGER STATION,45.84144,-91.01389,Voluntary,https://maps.app.goo.gl/qsiPnycBeB8oJmnC9
WI,PINGEL PROCESSING,44.7851,-88.6036,Voluntary,https://maps.app.goo.gl/c8LwS8TWySjQtiBRA
WI,SHAWANO DNR FIELD STATION,44.77835,-88.58369,Voluntary,https://maps.app.goo.gl/RKTFMLgFoQDFyNkU8
WI,NAVARINO FIELD OFFICE,44.4972,-88.5562,Voluntary,https://maps.app.goo.gl/iz6761UcWfzdeRm26
WI,VILLAGE OF TIGERTON,44.74223,-89.0628,Voluntary,https://maps.app.goo.gl/BSqaCbnVJSCic72CA
WI,JIM'S VENISON PROCESSING,44.8288,-89.16644,Voluntary,https://maps.app.goo.gl/gCezwsA4h1VRzbW59
WI,WEYKER OUTDOORS LLC,43.5672,-87.9816,Voluntary,https://maps.app.goo.gl/UbQxq9JEGugkmpy88
WI,DNR PLYMOUTH SERVICE CENTER,43.73225,-87.94526,Voluntary,https://maps.app.goo.gl/5F9b8FnYLCYkkGsj9
WI,MILL'S FLEET FARM,44.96065,-92.73429,Voluntary,https://maps.app.goo.gl/LqZL67evfLJyDuWe6
WI,TIMBERLAND TROPHIES,43.66354,-90.85755,Voluntary,https://maps.app.goo.gl/mGfcG1H9vZ2z1jqo6
WI,KUMLIN TAXIDERMY,43.42405,-91.19779,Voluntary,https://maps.app.goo.gl/CyXYJfF9fRcQkbo39
WI,SPOONER DNR SERVICE CENTER,45.8217,-91.89788,Voluntary,https://maps.app.goo.gl/dGBexmHtzc3mMhSz6
WI,ZIMMERMAN TAXIDERMY,45.81835,-91.76422,Voluntary,https://maps.app.goo.gl/7Ng3bf7S8UVh9Yii6
WI,WDNR WILDLIFE BIOLOGIST,44.33785,-89.20464,Voluntary,https://maps.app.goo.gl/j1uFPQD6GcRDTqy36
WI,ALL SEASON TAXIDERMY,44.0656,-89.2666,Voluntary,https://maps.app.goo.gl/da1HXd2sGCrxTMBRA
WI,DNR OSHKOSH SERVICE CENTER,44.083,-88.52913,Voluntary,https://maps.app.goo.gl/pjaSP76YP51Z37Mx9
WI,WISCONSIN RAPIDS DNR SERVICE CENTER,44.35154,-89.82273,Voluntary,https://maps.app.goo.gl/4MJxcEuj9BjYnXMz5
WI,OMG BUTCHERING,44.4375,-90.1892,Voluntary,https://maps.app.goo.gl/UeTsPYZprn1T3GNm8
WI,J&S PROCESSING,44.6615,-90.1784,Voluntary,https://maps.app.goo.gl/4XponsTKCDyh97AJ7
PA,SOUTHWEST REGIONAL OFFICE,40.466,-79.97569,Voluntary,https://maps.app.goo.gl/S2koo5dXwJAXK9M77
PA,SGL 73 TOLLGATE LANE,40.29456,-78.26377,Voluntary,https://maps.app.goo.gl/RigQqQdGzTyYjquH9
PA,SGL 188 CREEK ROAD,40.77652,-77.20806,Voluntary,https://maps.app.goo.gl/uG75ytQsFaJJzbUn9
PA,STATE GAME LANDS 134,41.41441,-76.80623,Voluntary,https://maps.app.goo.gl/hBazbQG4EFyRi8mP8
PA,DAUPHIN COUNTY CREW HEADQUARTERS,40.57851,40.57851,Voluntary,https://maps.app.goo.gl/eZGtDmYiygCUMcoE7
IL,Boone Co. Fairgrounds,42.28213,-88.84956,Mandatory,https://maps.app.goo.gl/eq5Lab1fSXWwyFQM6
IL,Mississippi Palisades State Park,42.14753,-90.1718,Mandatory,https://maps.app.goo.gl/KVBsjPfsDdVmkKdH7
IL,Shabbona Lake State Park,41.73264,-88.86448,Mandatory,https://maps.app.goo.gl/TtohvhqEzzCchKjP8
IL,Gebhard Woods State Park,41.35728,-88.4395,Mandatory,https://maps.app.goo.gl/tQXQt2kezxk4m6XMA
IL,Elizabeth Community Building,42.31683,-90.22775,Mandatory,https://maps.app.goo.gl/s8LTy98Ba6q2MZ749
IL,Kankakee River State Park Visitor Center,41.20347,-87.9789,Mandatory,https://maps.app.goo.gl/Gaza4LPhqdgrPj1x6
IL,Silver Springs State Park,41.62715,-88.51885,Mandatory,https://maps.app.goo.gl/RzBLuSxVFDJxbnnH9
IL,Buffalo Rock State Park,41.32807,-88.90819,Mandatory,https://maps.app.goo.gl/XLqBQZaLckh2j2HC8
IL,Pontiac Sportsman's Club,40.89337,-88.66719,Mandatory,https://maps.app.goo.gl/kLtavmyX6sayrHdM9
IL,Volo Bog State Natural Area,42.35626,-88.18765,Mandatory,https://maps.app.goo.gl/ZpkozNwk7PCFanwa9
IL,Castle Rock State Park,41.97843,-89.35683,Mandatory,https://maps.app.goo.gl/uihhV5wHvtucbz5Q7
IL,Stephenson Co. Fairgrounds,42.2679,-89.62292,Mandatory,https://maps.app.goo.gl/VM5hnebfEWctB7kt9
IL,Des Plaines Game Propagation Center,41.32909,-88.17185,Mandatory,https://maps.app.goo.gl/uHrhwWfHygkoPBzw8
IL,Rock Cut State Park,42.35422,-88.99079,Mandatory,https://maps.app.goo.gl/HeyxRFCzS4ugCiHeA
OH,Wyandot Wildlife Area,40.93074,-83.38174,Mandatory,https://maps.app.goo.gl/ZaYcSSfxKDg1vaCN9
OH,Mickey Mart,40.95005,-83.17072,Mandatory,https://maps.app.goo.gl/9sJr2ibmFYE89fiy5
OH,Wyandot County Fairgrounds,40.84405,-83.27903,Mandatory,https://maps.app.goo.gl/Fnga7ea2pMoqoFq79
OH,Pasco Custom Processing,40.87799,-83.13116,Mandatory,https://maps.app.goo.gl/563kvnAejPinD4Dh8
OH,McGuffey Conservation Club,40.71938,-83.80316,Mandatory,https://maps.app.goo.gl/uuUP5WZuXALj6Lwy6
OH,Andreoff Wildlife Area,40.76868,-83.49703,Mandatory,https://maps.app.goo.gl/xZMST8uJ7zBVGYZw5
OH,Mifflin Township Building,40.77409,-83.35227,Mandatory,https://maps.app.goo.gl/tD9QZj2Cem47UCFAA
OH,Killdeer Plains Wildlife Area HQ,40.71487,-83.29997,Mandatory,https://maps.app.goo.gl/Ab3gAutMn5qBjZFF6
OH,Hardin County Fairgrounds,40.63163,-83.61124,Mandatory,https://maps.app.goo.gl/Pxq7h83Qnq8xXaHWA
OH,Hardin County Coon Hunters Club,40.62245,-83.46441,Mandatory,https://maps.app.goo.gl/dYLSHuDfB9n22xVaA
OH,Meeker Community Center,40.64393,-83.30438,Mandatory,https://maps.app.goo.gl/ptn16r2tCC4Z6LZt6
OH,Grand Prairie Township Building,40.69053,-83.15503,Mandatory,https://maps.app.goo.gl/7G9JeUvdeJMJU5Nu8
OH,Roundhead-McDonald Park,40.56105,-83.83797,Mandatory,https://maps.app.goo.gl/yA8FmCBE2cUPoVrP9
OH,Plaza Mini Mart,40.52881,-83.51622,Mandatory,https://maps.app.goo.gl/ScbBoawWYn2aScEu8
OH,Big Island Wildlife Area HQ,40.56907,-83.27421,Mandatory,https://maps.app.goo.gl/adqBaYLB5Tj8Ym6X9
OH,Rural King,40.57934,-83.07715,Mandatory,https://maps.app.goo.gl/baUkjytHaCq1Fp5V8
OH,Fort Morrow Fire Dept.,40.46382,-83.07813,Mandatory,https://maps.app.goo.gl/VPaJ9YC5qJq4fuRF6
FL,Westville Meat Market & Processing,30.76437,-85.85179,Mandatory,https://maps.app.goo.gl/if4jrP3zhaWEEWrW9
FL,McKinley's Taxidermy,30.81525,-85.97096,Mandatory,https://maps.app.goo.gl/ttHN9ct4DKRYhjyh9
FL,Bonifay Forestry Office,30.79376,-85.72109,Mandatory,https://maps.app.goo.gl/cmU73LyBTNs85AKG6
FL,Larry Joe Harris Taxidermy,30.88017,-85.56113,Mandatory,https://maps.app.goo.gl/vFoutHuB1a9aDepT6
FL,Backwoods Wildlife Game Processing,30.75453,-85.39277,Mandatory,https://maps.app.goo.gl/ynjzXdCKB9FtzrmP6
FL,Campbellton Volunteer Fire Department,30.95033,-85.40109,Mandatory,https://maps.app.goo.gl/N2D3MGJap69qFp8z7
FL,Pine Log WMA,30.41848,-85.86372,Mandatory,https://maps.app.goo.gl/nN8mwMoTeYVvCmP19
FL,Watford's Taxidermy,30.43921,-85.89003,Mandatory,https://maps.app.goo.gl/DrjMhgyz1tHBoL6H9
FL,Rodney's Taxidermy,29.5034,-82.10039,Voluntary,https://maps.app.goo.gl/rpAGgSrpt435jkh3A
FL,Bear Creek Taxidermy,30.32328,-85.45513,Voluntary,https://maps.app.goo.gl/JrD8VvFtCZr5fPnp6
FL,DOA Wild Game Processing,30.33504,-85.41904,Voluntary,https://maps.app.goo.gl/A3FqDYbjKKinmDXM6
FL,Wildlife Art Creations,29.76505,-82.08063,Voluntary,https://maps.app.goo.gl/Ln98KDfYtcz8MUEV8
FL,Wildlife Transitions Taxidermy,29.94077,-82.59046,Voluntary,https://maps.app.goo.gl/ocoTVtdMDyjrf8gk7
FL,JC Taxidermy,27.86811,-82.18213,Voluntary,https://maps.app.goo.gl/kVKdU2rm91h9XLmC9
FL,Frank's Taxidermy,27.67777,-80.40928,Voluntary,https://maps.app.goo.gl/hELFxoUwnRvAcz8p8
FL,Veteran's Processing,30.80998,-85.39414,Mandatory,https://maps.app.goo.gl/SduemAuumBPPyGkE7
FL,Buckshot Processing,30.79103,-85.36635,Mandatory,https://maps.app.goo.gl/bC42NgqpcD8CCWvh9
FL,Stump Creek Sausage,30.68872,-85.40077,Mandatory,https://maps.app.goo.gl/7u7yBW6PJHDtfhYc6
FL,Talbot's Meat Processing,30.66654,-85.41115,Mandatory,https://maps.app.goo.gl/hTGfUdCsamQ5fyCK9
FL,Mac's Wild Game Processing,30.74362,-85.08048,Mandatory,https://maps.app.goo.gl/Yv6mkAhjz5ihiNJDA
FL,Bryan's Deer Processing,30.95424,-85.51647,Mandatory,https://maps.app.goo.gl/kKsKErJBmUD5Cbjq5
FL,Outdoor Addiction Taxidermy,30.68498,-85.36121,Mandatory,https://maps.app.goo.gl/gGtSZ44mw86MxQSR7
FL,All Things Wild Taxidermy,26.6908,-81.86251,Voluntary,https://maps.app.goo.gl/9HtCfvzL3QfUgeqt9
FL,R&R Taxidermy,30.38257,-84.12616,Voluntary,https://maps.app.goo.gl/pp7XVDbGuhUn8k5u7
FL,Shearer's Processing,29.04373,-82.67966,Voluntary,https://maps.app.goo.gl/YFuC298RcSSV8u4j6
FL,Brady Deer Processing,29.35226,-82.15996,Voluntary,https://maps.app.goo.gl/Dx7BVf7tmz42dXJm7
FL,Animal Gallery,25.63547,-80.42149,Voluntary,https://maps.app.goo.gl/HUBXtb7jnGwKVx23A
FL,Reed's Processing,30.70443,-81.89654,Voluntary,https://maps.app.goo.gl/N5QfkY5ULE7ugXNq9
FL,Mike's Outdoors Taxidermy & Hydrographics,30.41129,-82.02944,Voluntary,https://maps.app.goo.gl/MZmfUMFTPPQEEaBe9
FL,Red's Taxidermy,30.53734,-81.78933,Voluntary,https://maps.app.goo.gl/vjHmCBQZRQGfZj6AA
FL,Ratso's Taxidermy,28.20908,-81.36652,Voluntary,https://maps.app.goo.gl/vjTfuPukjeJiXKPM8
FL,Hank's Taxidermy,27.64752,-81.782,Voluntary,https://maps.app.goo.gl/CrCH73baqqvH7xAeA
FL,Antler Fur and Feather Taxidermy,27.36624,-82.50607,Voluntary,https://maps.app.goo.gl/1YsjeekkMLXLdJdCA
FL,Ray Watson's Meat Processing,30.3429,-83.1316,Voluntary,https://maps.app.goo.gl/2NqU3CdvtX5j1Ct5A
FL,Big Bend Outdoors,30.45203,-85.05483,Voluntary,https://maps.app.goo.gl/x53TDuW7ytqZLojk9
FL,Joe Budd WMA,30.5093,-84.53878,Voluntary,https://maps.app.goo.gl/DTu4V3uS677KB9Ar6
FL,The Gadsden County Agricultural Center,30.58588,-84.60822,Voluntary,https://maps.app.goo.gl/4fu4yZmHasrqS7Yf9
FL,Apalachee Wildlife Management Area,30.79819,-84.95806,Mandatory,https://maps.app.goo.gl/EscvAPN7foj2JA4T8
FL,Campbellton Volunteer Fire Department,30.95033,-85.40109,Mandatory,https://maps.app.goo.gl/apdVVAkXRB5ShngL9
FL,Malone Volunteer Fire Department,30.95651,-85.16171,Mandatory,https://maps.app.goo.gl/Mnir9weKxiGisqSG9
FL,Jackson County Extension Services,30.78257,-85.2942,Mandatory,https://maps.app.goo.gl/cJ66y2iuRWnbouUX7
FL,Jackson County Fire Rescue - Graceville,30.96249,-85.51324,Mandatory,https://maps.app.goo.gl/WStWKiUJ9AQpWggL6
FL,Jackson County Fire Rescue - Marianna,30.82324,-85.16952,Mandatory,https://maps.app.goo.gl/LTE9D6MCtrDDW3fh9
FL,ECP Outdoors,26.68246,-81.89265,Voluntary,https://maps.app.goo.gl/cpjBjZD4ikq3LmZe6
FL,Florida Forest Service,30.38342,-84.72722,Voluntary,https://maps.app.goo.gl/WsyZs24agVnNPitY6
FL,Woods N Water Magazine,30.07792,-83.58766,Voluntary,https://maps.app.goo.gl/nMkixcez5c6U7tZN9
FL,Darlington,30.94368,-86.05714,Voluntary,https://maps.app.goo.gl/4raVuNNQnS3GsiZH7
FL,UF/IFAS Extension Walton County,30.73201,-86.11402,Voluntary,https://maps.app.goo.gl/vmptn94YRhFXzNMBA
MS,Love VFD,34.7526,-89.9913,Voluntary,https://maps.app.goo.gl/ugpEfbFGncc4rZaF7
MS,Mt. Pleasant VFD ,34.9561,-89.5226,Voluntary,https://maps.app.goo.gl/MeD1ZPFJkgSpFxTV8
MS, Wall Doxey State Park,34.663,-89.4647,Voluntary,https://maps.app.goo.gl/qGznLC3vB4P4fcq96
MS,Benton County 911 Dispatch,34.8326,-89.1813,Voluntary,https://maps.app.goo.gl/yJyvLRC53MAHb3WH9
MS,Walnut VFD,34.9405,-88.9013,Voluntary,https://maps.app.goo.gl/2n8s8q2L3z1yGyiq9
MS, MSU Extension Office ,34.9125,-88.5465,Voluntary,https://maps.app.goo.gl/wNUFzuaHLYK84auKA
MS,Tishomingo County Fairgrounds ,34.7882,-88.2178,Voluntary,https://maps.app.goo.gl/aQhF2ovyYHypDbo47
MS, Hell Creek WMA,34.6199,-89.0644,Voluntary,https://maps.app.goo.gl/Xqq8xnjHphP5mnmL8
MS,Prentiss Co. Agri Center,34.6961,-88.5613,Voluntary,https://maps.app.goo.gl/gaEQ1jjtRWuDtgyp8
MS, Panola County EMS,34.44,-89.8997,Voluntary,https://maps.app.goo.gl/6Y2GLgA3moyMopYD8
MS,Fire Station 1,34.38,-89.5318,Voluntary,https://maps.app.goo.gl/hER66u5FdLJfhmMT6
MS,New Albany Fairgrounds ,34.5127,-89.0329,Voluntary,https://maps.app.goo.gl/trw4DwkEdpkWymX88
MS,Pontotoc Ag Center ,34.2552,-89.0286,Voluntary,https://maps.app.goo.gl/NESVHNzz7TpenjeL6
MS,Elvis Presley Lake,34.3046,-88.6474,Voluntary,https://maps.app.goo.gl/h8V9fdM1nWLXc78r5
MS,Canal Section WMA HQ,34.2614,-88.4511,Voluntary,https://maps.app.goo.gl/q9SZgUdMQ2KLbt7b8
MS,O'Keefe WMA,34.1165,-90.2735,Voluntary,https://maps.app.goo.gl/RU6mX5UkBDFpd72H9
MS,North Region Office,34.1565,-89.9127,Voluntary,https://maps.app.goo.gl/jP38SUHchaevKZe28
MS,MDOT Maintenance HQ ,34.0057,-89.9806,Voluntary,https://maps.app.goo.gl/7vACiaFQYiTTYfYs5
MS,Chickasaw WMA,33.9861,-88.9356,Voluntary,https://maps.app.goo.gl/qjmh1cKBW8QN6NZJA
MS,Dahomey NWR,33.7042,-90.9108,Voluntary,https://maps.app.goo.gl/HaAMKzogfBBR5VCVA
MS,Deviney WMA,33.5876,-90.6361,Voluntary,https://maps.app.goo.gl/XFuGeygJADTxgfYa9
MS,Fire Department #4,33.5209,-90.1514,Voluntary,https://maps.app.goo.gl/cK5pBg8W8xztAu8T6
MS,Malmaison WMA,33.684,-90.0512,Voluntary,https://maps.app.goo.gl/gL6FggCGfkNxFfze8
MS,MS Forestry Commission,33.6991,-89.7629,Voluntary,https://maps.app.goo.gl/vdsuw85eYHmeyDaVA
MS,American Legion Building ,33.6311,-89.2877,Voluntary,https://maps.app.goo.gl/mXHmMDvB8KL37kLr5
MS,Trim Cane WMA,33.5248,-88.8462,Voluntary,https://maps.app.goo.gl/8DM6vfzXH1Uj6NJp9
MS,Black Prairie WMA ,33.3396,-88.5618,Voluntary,https://maps.app.goo.gl/aQmMn8ijfCaayjUn6
MS,USDA Service Center,33.1346,-88.5513,Voluntary,https://maps.app.goo.gl/koVgVaSGNdv7KiQ7A
MS,Choctaw WMA,33.2737,-89.1267,Voluntary,https://maps.app.goo.gl/oRBEaVr3U4qPFxR67
MS,Yockanookany WMA,33.2737,-89.1268,Voluntary,https://maps.app.goo.gl/tbuZEyrioNVpHB958
MS,Fire Station 3 ,32.7744,-89.1215,Voluntary,https://maps.app.goo.gl/2iEgH1AdyF8KUZBN6
MS,Holmes County State Park,33.0271,-89.9206,Voluntary,https://maps.app.goo.gl/Uu48YtWVfUfH4vLM7
MS,District 3 VFD,32.8411,-90.384,Voluntary,https://maps.app.goo.gl/TC7ccaPJBAE5obc66
MS,Valley Park Community Center,32.6335,-90.8709,Voluntary,https://maps.app.goo.gl/8GJSJ37JLReALu1TA
MS,Mahannah WMA,32.549,-90.8708,Voluntary,https://maps.app.goo.gl/wScczxLvmtbg1N7n6
MS,Phil Bryant WMA ,32.4556,-90.9733,Voluntary,https://maps.app.goo.gl/kck2GmJgXbv3tnwY9
MS,Communication Specialist ,32.3552,-90.8283,Voluntary,https://maps.app.goo.gl/5Y7TrXCe62RnqqE69
MS,LeFleur's Bluff State Park ,32.3317,-90.1499,Voluntary,https://maps.app.goo.gl/xgadfs2bZ3naF6dz6
MS,Pearl River WMA,32.5234,-89.9704,Voluntary,https://maps.app.goo.gl/xgd9LEmAV6uEKmms5
MS,Caney Creek WMA,32.3247,-89.5051,Voluntary,https://maps.app.goo.gl/SaD4UhAvPst9wjTw7
MS,Collinsville VFD ,32.4974,-88.8475,Voluntary,https://maps.app.goo.gl/Prq7Mt1DS57uve7F6
MS,All Creatures Veterinary Hospital,31.9675,-90.9802,Voluntary,https://maps.app.goo.gl/TfAdKMo6wgAPuF3H7
MS,Canemount WMA,31.9233,-91.1305,Voluntary,https://maps.app.goo.gl/szpbq1E5Jt8egZZU9
MS,MSU Extension Office,31.9252,-90.4073,Voluntary,https://maps.app.goo.gl/5TfF99MmYiphQ1W77
MS,MSU Extension Office,31.921,-89.8112,Voluntary,https://maps.app.goo.gl/jJLM1jTEdmprZBPj6
MS,MSU Extension Office,32.0426,-88.7395,Voluntary,https://maps.app.goo.gl/fkQAr94N1qy99KhU9
MS,Natchez State Park,31.6026,-91.2347,Voluntary,https://maps.app.goo.gl/4JiHjT3vnUg8tUNb9
MS,Jeff Davis Lake,31.5649,-89.8444,Voluntary,https://maps.app.goo.gl/k1eU2yF3RAJyFWA16
MS,MSU Extension Office,31.6757,-89.5864,Voluntary,https://maps.app.goo.gl/FdcSAv1JkbmyJwVb7
MS,Bogue Homa Lake,31.7027,-89.0246,Voluntary,https://maps.app.goo.gl/fHiABb4B61HSqWrj7
MS,Wilkinson County Sheriff,31.0861,-91.3002,Voluntary,https://maps.app.goo.gl/EoMSx3crL2w6HoPx5
MS,Pike County Co-Op,31.2308,-90.4517,Voluntary,https://maps.app.goo.gl/HNaJYwyxEXHChuaX8
MS,Marion County WMA ,31.1741,-89.7327,Voluntary,https://maps.app.goo.gl/xRfF5PQcaRZgCJsE8
MS,Purvis VFD ,31.1517,-89.4122,Voluntary,https://maps.app.goo.gl/NAtChfDmFkL7z37z9
MS, Pearl River County Fairgrounds,30.8329,-89.5474,Voluntary,https://maps.app.goo.gl/GJDpSn2fyNpCbgRk8
MS,Leaf River WMA ,30.9902,-88.8651,Voluntary,https://maps.app.goo.gl/HeK2F2s9v3jSpnhs8
MS,Bay St. Louis FD Station 2,30.3134,-89.392,Voluntary,https://maps.app.goo.gl/TRqKRPPLjaQHJ9cAA
MS,Fire Station 8 ,30.6325,-89.1384,Voluntary,https://maps.app.goo.gl/deYHkG5wzKzSb15B7
MS,Lower Pascagoula WMA ,30.5668,-88.6307,Voluntary,https://maps.app.goo.gl/R8dF42o2wVigcEL16
MD,"B&B Country Meats, Frostburg",-27.7573,24.81411,Voluntary,https://maps.app.goo.gl/3vhXH2WGUEdxipKJA
MD,"Hitchcock's Wildlife Processing, Severn",39.10423,-76.6539,Voluntary,https://maps.app.goo.gl/HfCUqDeUYivuLtuH9
MD,"Trophy Care Deer Processing, Dundalk",39.28189,-76.48696,Voluntary,https://maps.app.goo.gl/XQSYcxMF6CSWzoiu9
MD,All Star Deer Processing,39.60379,-76.85377,Voluntary,https://maps.app.goo.gl/ms4RiFgE4jMVqJ2F7
MD,"Burnies Processing, Westminster",39.49933,-77.01405,Voluntary,https://maps.app.goo.gl/thbXpu8XyxS63D587
MD,"JB Farms, Taneytown",39.6735,-77.18057,Voluntary,https://maps.app.goo.gl/HZC43QxaDWZxvCCg9
MD,"M&G Wild Game Processing, Westminster",39.5183,-76.98461,Voluntary,https://maps.app.goo.gl/AD1Wt4mUkKNK1NfWA
MD,"Clint's Cuts, Mount Airy",39.38802,-77.24118,Voluntary,https://maps.app.goo.gl/h742iBf2ekuRtpwa7
MD,"KD Deer Processing, Frederick",39.44113,-77.26014,Voluntary,https://maps.app.goo.gl/mMZteZ1yFfnYaZFd8
MD,"Pry's Deer Processing, Knoxville",39.36801,-77.63352,Voluntary,https://maps.app.goo.gl/UEPa2yFpVpWmLYADA
MD,"Rob's Deer Shop, Rocky Ridge",39.60558,-77.31847,Voluntary,https://maps.app.goo.gl/bChsAFC2GjKFmaHe9
MD,"Wolfe's Deer Shop, Thurmont",39.56908,-77.43525,Voluntary,https://maps.app.goo.gl/UXf5FcFHf8hGX7Ni7
MD,EJ's Taxidermy & Meat Processing,39.59111,-79.22868,Voluntary,https://maps.app.goo.gl/aks42ngqaND8mKEM7
MD,"Yoder's Butcher Barn, Grantsville",39.69855,-79.09961,Voluntary,https://maps.app.goo.gl/op3vgQowJimZ2iTr8
MD,"KS Kuts, Damascus",39.28321,-77.25663,Voluntary,https://maps.app.goo.gl/43rdEJVyXViuXMEd8
MD,"Banzhoff's custom Butchering, Williamsport",39.613702,-77.865295,Voluntary,https://maps.app.goo.gl/D3SqTE5UiKj18R4DA
MD,"Ernst Market, Clear Spring",39.6333058,-77.895258,Voluntary,https://maps.app.goo.gl/4L7GQuL3Lwc2uBjc7
MD,"Holsinger's Meats and Deli, Maugansville",39.6932656,-77.744262,Voluntary,https://maps.app.goo.gl/AyJEEuw5pifc5K588
MD,"Leitersburg Butcher Shop, Hagerstown",39.643089,-77.719427,Voluntary,https://maps.app.goo.gl/jWAomW8zpEETvLu26
MD,"Mountain Trail Butchers, Clear Spring",39.6107959,-77.959678,Voluntary,https://maps.app.goo.gl/W55WqzKwXBUFDbW16
MD,Burger's Custom Slaughterhouse,39.5653022,-77.818595,Voluntary,https://maps.app.goo.gl/hJucVCbNebWEqBG26
CA,CDFW - Santa Rosa Office,38.509,-122.796,Voluntary,https://maps.app.goo.gl/8A4ASQXAfwUT3sxs9
CA,CDFW – Fairfield Office,38.2275,-122.0871,Voluntary,https://maps.app.goo.gl/uYqw1jrNqFw7P3ix6
CA,Del Puerto Rd,37.4204,-121.3455,Voluntary,https://maps.app.goo.gl/oDco4nXKnPUHG5sq7
CA,CDFW – Yountville Office,38.439,-122.352,Voluntary,https://maps.app.goo.gl/CGU2urGev7e155bd9
CA,CDFW - Santa Barbara Office,34.4016,-119.724,Voluntary,https://maps.app.goo.gl/UyBciM8x6q2kAWxS8
CA,Los Gatos Meats,37.233,-121.978,Voluntary,https://maps.app.goo.gl/A9RtbdGF3mN3jeZV9
CA,CDFW – Willits Field Station,39.405,-123.353,Voluntary,https://maps.app.goo.gl/BQKGxb4h9KFVLqBDA
CA,Yolo Bypass Wildlife Area Office,38.556,-121.672,Voluntary,https://maps.app.goo.gl/RDtwC7NGhRw6fpu5A
CA,Hwy 299 - CHP Weigh Station,40.884,-123.963,Voluntary,https://maps.app.goo.gl/o8aHRTCxqe6SvVCu9
CA,CDFW - Eureka Office,40.805,-124.165,Voluntary,https://maps.app.goo.gl/yXjdkHzy9qep3Bak7
CA,CDFW – Yreka Field Station,41.708,-122.643,Voluntary,https://maps.app.goo.gl/MoyBT4YBerRPjMHf8
CA,CDFW – Redding Office,40.575,-122.379,Voluntary,https://maps.app.goo.gl/qan6p1aUHxRPJaxG7
CA,Tehama Wildlife Area,40.269,-121.876,Voluntary,https://maps.app.goo.gl/7xxMoBAWT1f4bRme8
CA,Alturas CalFire Station,41.4912,-120.5347,Voluntary,https://maps.app.goo.gl/JXnL1S5nCVksFpwG6
CA,Honey Lake Wildlife Area,40.353,-120.304,Voluntary,https://maps.app.goo.gl/axmWjPXHBXSKPJhC9
CA,Idaho Butcher Shop,40.414,-120.643,Voluntary,https://maps.app.goo.gl/9BrK8SC8KmFKxzKK6
CA,CDFW – Bishop Office,37.369,-118.397,Mandatory,https://maps.app.goo.gl/ntX6DHyyTzqqisP26
CA,Eastern Sierra Deer Countersigning Station,37.63017,-118.8643,Mandatory,https://maps.app.goo.gl/Ymbpc1pj82ygdvxa7
CA,Beaver’s Sporting Goods,37.95597,-119.1186,Mandatory,https://maps.app.goo.gl/ZTBtBnxXVXjkEfa77
CA,CDFW - Rancho Cordova Office,38.633,-121.229,Voluntary,https://maps.app.goo.gl/7tqgMf84rQKjbKbY8
CA,Gray Lodge Wildlife Area,39.3222,-121.8298,Voluntary,https://maps.app.goo.gl/BGRxEbENXYmSQhK28
CA,USFS Dorrington Fire Station,38.319,-120.262,Voluntary,https://maps.app.goo.gl/ECtLngSiDTMki2Lz7
CA,Hwy 108 and Lyons Reservoir Rd,38.079,-120.164,Voluntary,https://maps.app.goo.gl/ytApc16unz2XmzTV7
CA,Fresno CDFW Office,36.809,-119.767,Mandatory,https://maps.app.goo.gl/M3nKY1bgzxba2ZZQ6
CA,Hwy 168 truck pullout south of Shaver Lake,37.066,-119.358,Mandatory,https://maps.app.goo.gl/c9DcSWE8RUoWG6Vd6
CA,Cold Springs Summit,37.414,-119.494,Mandatory,https://maps.app.goo.gl/7UVUaEmpt3bVXhrr7
CA,"Quail flat trailhead, Sequoia NF",36.722,-118.909,Voluntary,https://maps.app.goo.gl/tmap5VwmSCMvgcpC8
CA,Intersection of roads 21s02 and 21s44 near Blackrock Ranger Station,36.093,-118.264,Voluntary,https://maps.app.goo.gl/fgLfgkDN1QYZAmfv7
CA,Southern Station Greenhorn Summit Hwy 155,35.739,-118.556,Voluntary,https://maps.app.goo.gl/QycS1PwENBU2a3m39
CA,Breckenridge Road and 28s19,35.501,-118.561,Voluntary,https://maps.app.goo.gl/8nSmqF7SE6abJ9dd7
CA,Caliente Creek Rd and Piute Mountain road,35.383,-118.411,Voluntary,https://maps.app.goo.gl/cNsNqjAX6RLYSHzTA
CA,CDFW - Fillmore Fish Hatchery,34.3932,-118.8852,Voluntary,https://maps.app.goo.gl/VqosSRHa9DZdAyHM7
CA,Grade Valley Road & Lockwood Valley Road,34.713,-119.116,Voluntary,https://maps.app.goo.gl/mWbvrsPFCvos2hsb7
CA,CDFW - Ontario office,34.07,-117.573,Voluntary,https://maps.app.goo.gl/Un358C7kKbM4c3Bt9
CA,City Creek USFS Fire Station,34.1856,-117.1811,Voluntary,https://maps.app.goo.gl/mwNkMKHcdWn2ZhAD8
CA,Mill Creek Ranger Station,34.07936,-117.0471,Voluntary,https://maps.app.goo.gl/dLwBoiKKiD2snDQw6
CA,CDFW - Santa Diego Office,32.8133,-117.1202,Voluntary,https://maps.app.goo.gl/RrADVzetkHARXNVcA
CA,Cranston USFS Ranger Station,33.7379,-116.8374,Voluntary,https://maps.app.goo.gl/G8omQQWn5gvvN5NU9
